{
    "qec_code_name": "3x3 Qubit Toric Code",
    "noise_model": "code_capacity",
    "num_failures": 3,
    "error_rates": [
        0.19952623149688797,
        0.11220184543019636,
        0.06309573444801933,
        0.03548133892335755,
        0.0199526231496888
    ],
    "results": [
        3,
        12,
        8,
        162,
        562
    ],
    "current_round": {
        "error_rate": 0.0199526231496888,
        "num_trials": 562,
        "failures": 3
    }
}