{
    "current_round": {
        "code": 3,
        "error_rate": 0.19952623149688797,
        "num_trials": 10,
        "failures": 5
    },
    "noise_model": "code_capacity",
    "rounds": null,
    "qec_codes": [
        3,
        5,
        7
    ],
    "num_failures": {
        "3": 5,
        "5": 5,
        "7": 5
    },
    "error_rates": [
        0.0199526231496888,
        0.025769803745148787,
        0.033282981394546204,
        0.042986623470822764,
        0.05551935914386209,
        0.07170600970409613,
        0.09261187281287937,
        0.11961283330787534,
        0.15448591479026755,
        0.19952623149688797
    ],
    "results": {
        "5": [
            4039,
            1692,
            489,
            204,
            107,
            33,
            32,
            22,
            13,
            8
        ],
        "7": [
            23580,
            8294,
            1478,
            558,
            145,
            137,
            23,
            19,
            7,
            12
        ],
        "3": [
            416,
            385,
            213,
            105,
            112,
            36,
            22,
            25,
            7,
            10
        ]
    }
}